,index,center_name,male_take,male_pass,male_r,female_take,female_pass,female_r,take,pass,r,a,zip
0,12,Aberdeen North,1887,1095,58.0286168521463,2082,1117,53.6503362151777,3976,2213,55.658953722334,A,
1,26,Aberdeen South (Cove),1703,1054,61.8907809747504,1674,995,59.4384707287933,3385,2052,60.6203840472674,A,AB12 3GQ
2,40,Aberfeldy,54,43,79.6296296296296,48,30,62.5,102,73,71.5686274509804,A,PH15 2BJ
3,55,Abergavenny,2579,1615,62.6211709965103,2647,1542,58.2546278806196,5226,3157,60.4094910065059,A,NP7 5HT
4,70,Aberystwyth (Park Avenue),616,410,66.5584415584416,647,386,59.6599690880989,1263,796,63.0245447347585,A,
5,84,Airdrie,1794,964,53.7346711259755,1876,965,51.4392324093817,3671,1930,52.5742304549169,A,ML6 0DA
6,98,Alness,499,315,63.12625250501,509,304,59.7249508840864,1008,619,61.4087301587302,A,IV17 0PJ
7,113,Alnwick,381,259,67.9790026246719,375,233,62.1333333333333,756,492,65.0793650793651,A,NE66 1LA
8,127,Arbroath,450,257,57.1111111111111,455,266,58.4615384615385,907,523,57.6626240352811,A,DD11 2NQ
9,142,Ashfield,2986,1862,62.357669122572,3332,1871,56.1524609843938,6319,3733,59.0758031334072,A,NG17 5LA
10,157,Ashford (Kent),2067,954,46.1538461538462,1837,850,46.2710941752858,3904,1804,46.2090163934426,A,TN23 1PL
11,172,Ashford (London Middlesex),2355,1213,51.5074309978769,2073,1025,49.4452484322238,4429,2238,50.5305938135019,A,
12,187,Atherton (Manchester),2832,1473,52.0127118644068,2822,1350,47.8384124734231,5654,2823,49.9292536257517,A,M46 0SU
13,202,Aylesbury,2032,1007,49.5570866141732,1907,877,45.9884635553225,3939,1884,47.8293983244478,A,HP21 7SL
14,216,Ayr,880,475,53.9772727272727,854,444,51.9906323185012,1734,919,52.9988465974625,A,KA8 9DN
15,231,Bala,347,189,54.4668587896254,369,202,54.7425474254743,716,391,54.608938547486,B,LL23 7SP
16,244,Ballater,52,48,92.3076923076923,60,47,78.3333333333333,112,95,84.8214285714286,B,AB35 5QW
17,259,Banbury,3211,1512,47.0881345375272,3052,1371,44.9213630406291,6265,2883,46.0175578611333,B,OX16 9SD
18,273,Banff,100,70,70,117,73,62.3931623931624,217,143,65.8986175115207,B,AB45 1DL
19,288,Bangor,1563,870,55.6621880998081,1572,832,52.9262086513995,3135,1702,54.2902711323764,B,LL57 4HR
20,303,Barking (Tanner Street),4712,2097,44.5033955857385,2953,1101,37.284117846258,7665,3198,41.7221135029354,B,
21,318,Barnet (London),3342,1598,47.8156792339916,2581,1128,43.7039907012786,5926,2727,46.0175497806277,B,EN5 1AH
22,333,Barnsley,3164,1843,58.2490518331226,3123,1658,53.0899775856548,6289,3502,55.6845285418986,B,S75 2DH
23,348,Barnstaple,1465,856,58.4300341296928,1579,826,52.3115896136795,3044,1682,55.2562417871222,B,EX31 1QN
24,363,Barrow In Furness,958,584,60.9603340292276,999,565,56.5565565565566,1958,1150,58.7334014300306,B,LA14 2PN
25,378,Barry,657,431,65.6012176560122,767,476,62.0599739243807,1424,907,63.6938202247191,B,CF62 5QN
26,393,Basildon,2123,1108,52.1902967498822,2219,1120,50.4731861198738,4342,2228,51.3127590971902,B,SS14 3JS
27,408,Basingstoke,2265,1368,60.3973509933775,2123,1207,56.8535091851154,4388,2575,58.6827711941659,B,RG22 4LR
28,423,Bedford,2405,1361,56.5904365904366,2189,1133,51.7587939698493,4595,2494,54.2763873775843,B,
29,438,Belvedere (London),2143,697,32.5244983667755,1838,540,29.379760609358,3981,1237,31.0725948254207,B,DA17 5EE
30,453,Berwick-On-Tweed,188,115,61.1702127659575,188,102,54.2553191489362,376,217,57.7127659574468,B,TD15 2UY
31,465,Beverley LGV,34,19,55.8823529411765,31,19,61.2903225806452,65,38,58.4615384615385,B,
32,480,Birmingham (Garretts Green),6208,2801,45.1192010309278,5277,1938,36.7254121660034,11486,4740,41.2676301584538,B,B33 0TJ
33,495,Birmingham (Kings Heath),2688,1135,42.2247023809524,2799,1008,36.0128617363344,5487,2143,39.055950428285,B,B14 5JA
34,510,Birmingham (Kingstanding),5891,2353,39.9422848412833,5241,1642,31.3298988742606,11132,3995,35.8875314408911,B,B44 9UL
35,525,Birmingham (Shirley),1932,999,51.7080745341615,1687,773,45.8209839952579,3621,1773,48.9643744821872,B,B90 4AA
36,540,Birmingham (South Yardley),4304,1800,41.82156133829,3585,1099,30.6555090655509,7890,2899,36.7427122940431,B,B26 1EA
37,555,Birmingham (Sutton Coldfield),4361,1715,39.3258426966292,3348,992,29.6296296296296,7709,2707,35.1148008820859,B,B73 5UB
38,570,Birmingham (Wyndley),2159,1076,49.8378879110699,1955,835,42.7109974424552,4114,1911,46.4511424404473,B,
39,584,Bishopbriggs,1751,919,52.4842946887493,2001,980,48.9755122438781,3752,1899,50.6130063965885,B,G64 2QG
40,599,Bishops Stortford,2498,1236,49.4795836669336,2629,1192,45.3404336249525,5127,2428,47.3571289252974,B,CM23 3JQ
41,614,Blackburn with Darwen,2491,1244,49.9397832195905,2603,1106,42.4894352669996,5094,2350,46.1327051433058,B,BB3 0DH
42,629,Blackpool,3613,1824,50.4843620260172,3556,1604,45.1068616422947,7171,3429,47.8175986612746,B,FY2 0XE
43,644,Bletchley,4118,1973,47.9116075764934,3899,1777,45.5757886637599,8017,3750,46.7756018460771,B,MK3 6DH
44,659,Blyth,2263,1382,61.0693769332744,2288,1382,60.4020979020979,4551,2764,60.7339046363437,B,NE24 2BA
45,674,Bodmin,2759,1137,41.2105835447626,2764,1044,37.7713458755427,5523,2181,39.4894079304726,B,PL31 2JL
46,689,Bolton (Manchester),5001,3016,60.3079384123175,4624,2437,52.7032871972318,9627,5454,56.6531629791212,B,BL3 2AW
47,704,Borehamwood (London),2327,1255,53.9321014181349,1798,895,49.7775305895439,4129,2151,52.094938241705,B,
48,719,Boston,1939,1133,58.4321815368747,1706,999,58.5580304806565,3646,2133,58.5024684585848,B,PE21 8EA
49,734,Bradford (Heaton),2538,1487,58.5894405043341,3050,1323,43.3770491803279,5588,2810,50.286327845383,B,BD9 5AS
50,749,Bradford (Thornbury),3719,1984,53.3476741059425,2641,1220,46.1946232487694,6362,3204,50.3615215341088,B,BD3 7AY
51,764,Brecon,722,487,67.4515235457064,983,538,54.7304170905392,1705,1025,60.1173020527859,B,LD3 7RS
52,779,Bredbury (Manchester),1880,1035,55.0531914893617,1635,849,51.9266055045872,3517,1884,53.5683821438726,B,SK6 2QT
53,794,Brentwood (London),1713,856,49.9708114419148,1446,728,50.3457814661134,3159,1584,50.1424501424501,B,N12 7PH
54,809,Bridgend,2508,1461,58.2535885167464,2502,1363,54.4764188649081,5010,2824,56.3672654690619,B,CF31 4AD
55,824,Bridlington,850,569,66.9411764705882,849,451,53.1213191990577,1699,1020,60.0353148911124,B,YO16 4SF
56,839,Bristol (Avonmouth),3827,2234,58.3747060360596,3659,1967,53.7578573380705,7487,4202,56.1239481768399,B,
57,844,Bristol (Jubilee House),186,76,40.8602150537634,130,45,34.6153846153846,316,121,38.2911392405063,B,
58,859,Bristol (Kingswood),5518,3076,55.7448350851758,5164,2709,52.4593338497289,10683,5786,54.160816250117,B,BS15 4PG
59,874,Bromley (London),3470,1891,54.4956772334294,3312,1533,46.286231884058,6783,3425,50.4938817632316,B,
60,888,Buckie,117,70,59.8290598290598,160,95,59.375,277,165,59.5667870036101,B,AB56 1QJ
61,903,Burgess Hill,3311,1607,48.5351857444881,3200,1457,45.53125,6511,3064,47.0588235294118,B,RH15 9AG
62,918,Burton on Trent,3145,1599,50.8426073131956,2951,1339,45.374449339207,6099,2939,48.1882275782915,B,DE14 3NY
63,933,Bury (Manchester),2283,935,40.9548839246605,2167,781,36.0406091370558,4454,1717,38.5496183206107,B,
64,948,Bury St Edmunds,3514,1319,37.5355719977234,3222,1306,40.5338299193048,6737,2626,38.9787739349859,B,IP33 1TR
65,963,Buxton,2175,1064,48.9195402298851,2177,955,43.8677078548461,4352,2019,46.3924632352941,B,SK17 9DS
66,971,Callander,37,21,56.7567567567568,46,30,65.2173913043478,83,51,61.4457831325301,C,FK17 8BN
67,986,Camborne,2434,1229,50.4930156121611,2477,1124,45.3774727492935,4911,2353,47.9128487069843,C,
68,1001,Cambridge (Brookmount Court),4890,2417,49.4274028629857,4644,2166,46.640826873385,9534,4583,48.0700650304175,C,
69,1015,Campbeltown,59,43,72.8813559322034,53,40,75.4716981132076,112,83,74.1071428571428,C,PA28 6BD
70,1030,Canterbury,1881,972,51.6746411483254,1647,788,47.8445658773528,3528,1760,49.8866213151927,C,
71,1045,Cardiff (Llanishen),5196,3109,59.8344880677444,5096,2765,54.2582417582418,10305,5879,57.0499757399321,C,
72,1060,Cardigan,727,384,52.8198074277854,677,350,51.698670605613,1405,735,52.3131672597865,C,SA43 1ED
73,1075,Carlisle,2378,1391,58.4945332211943,1954,1108,56.7041965199591,4335,2500,57.6701268742791,C,
74,1087,Carlisle LGV (Cars),184,75,40.7608695652174,82,42,51.219512195122,266,117,43.984962406015,C,
75,1102,Carmarthen,1187,716,60.3201347935973,1066,574,53.8461538461538,2253,1290,57.2569906790945,C,SA31 1LP
76,1116,Castle Douglas,197,107,54.3147208121827,297,143,48.1481481481481,494,250,50.6072874493927,C,DG7 1TH
77,1131,Chadderton,4312,2258,52.3654916512059,4087,1715,41.962319549792,8401,3973,47.2919890489228,C,
78,1146,Cheetham Hill (Manchester),5085,2481,48.7905604719764,4271,1848,43.2685553734488,9360,4332,46.2820512820513,C,M8 0TD
79,1161,Chelmsford (Hanbury Road),4389,2372,54.0442014126225,4114,2022,49.1492464754497,8504,4395,51.6815616180621,C,CM1 3DR
80,1176,Cheltenham,2572,1379,53.6158631415241,2825,1326,46.9380530973451,5400,2706,50.1111111111111,C,GL52 2HQ
81,1191,Chertsey (London),2631,1441,54.7700494108704,2435,1268,52.0739219712526,5066,2709,53.4741413343861,C,KT16 9JX
82,1206,Chester,3441,1547,44.9578610868933,3724,1551,41.6487647690655,7167,3098,43.2258964699316,C,CH1 6LT
83,1221,Chesterfield,1917,936,48.8262910798122,1742,816,46.8427095292767,3659,1752,47.8819349549057,C,S41 7LT
84,1236,Chichester,1813,1214,66.9608383894098,1855,1198,64.5822102425876,3668,2412,65.7579062159215,C,PO20 2AA
85,1251,Chingford (London),7238,3177,43.8933407018513,4962,1775,35.7718661829907,12203,4954,40.5965746128001,C,E4 6AD
86,1266,Chippenham,3483,1627,46.7126040769452,3125,1404,44.928,6610,3031,45.8547655068079,C,
87,1281,Chorley,2057,1201,58.3859990277103,1886,1057,56.0445387062566,3943,2258,57.2660410854679,C,PR6 0AQ
88,1296,Clacton-on-Sea,1668,896,53.7170263788969,1632,847,51.8995098039216,3300,1743,52.8181818181818,C,CO15 6QA
89,1311,Colchester,4581,2189,47.7843265662519,4051,1804,44.532214268082,8634,3993,46.2473940236275,C,CO2 8HF
90,1326,Coventry,2927,1336,45.6440040997608,2777,1081,38.9268995318689,5705,2418,42.3838737949167,C,CV7 9EJ
91,1341,Crawley,3380,1357,40.1479289940828,3103,1179,37.9954882371898,6483,2536,39.1176924263458,C,RH11 9BJ
92,1356,Crewe,2284,863,37.784588441331,1963,729,37.1370351502802,4248,1592,37.4764595103578,C,CW2 7LL
93,1370,Crieff,75,56,74.6666666666667,77,63,81.8181818181818,152,119,78.2894736842105,C,PH7 3SB
94,1385,Croydon (London),2295,947,41.2636165577342,1516,545,35.9498680738786,3814,1492,39.1190351337179,C,CR0 3HE
95,1399,Cumnock,310,203,65.4838709677419,453,275,60.7064017660044,763,478,62.6474442988204,C,KA18 1BY
96,1414,Darlington,1715,986,57.4927113702624,1602,837,52.247191011236,3317,1823,54.9593005728068,D,DL1 4PW
97,1429,Derby (Alvaston),5395,2919,54.1056533827618,4845,2299,47.4509803921569,10242,5219,50.9568443663347,D,DE21 7AY
98,1444,Doncaster,3779,1719,45.4882243979889,3850,1567,40.7012987012987,7629,3286,43.0724865644252,D,DN2 5YL
99,1459,Dorchester,2984,1994,66.8230563002681,3015,1886,62.5538971807629,5999,3880,64.6774462410402,D,DT1 3SU
100,1474,Dudley,5817,2468,42.427368059137,5808,2178,37.5,11625,4646,39.9655913978495,D,
101,1488,Dumbarton,1036,499,48.1660231660232,998,438,43.8877755511022,2035,938,46.0933660933661,D,G82 3PD
102,1502,Dumfries,920,482,52.3913043478261,874,448,51.2585812356979,1794,930,51.8394648829431,D,DG1 2SH
103,1516,Dundee,2300,1410,61.304347826087,2316,1280,55.2677029360967,4620,2692,58.2683982683983,D,DD2 3QH
104,1530,Dunfermline (Vine),1234,670,54.2949756888169,1317,665,50.4935459377373,2551,1335,52.3324186593493,D,
105,1544,Dunoon,140,82,58.5714285714286,157,92,58.5987261146497,297,174,58.5858585858586,D,
106,1558,Duns,49,38,77.5510204081633,67,48,71.6417910447761,116,86,74.1379310344828,D,TD11 3AU
107,1573,Durham,2777,1800,64.8181490817429,3017,1822,60.391117003646,5795,3623,62.5194132873167,D,DH7 8XL
108,1587,East Kilbride,1261,588,46.629659000793,1501,696,46.3690872751499,2762,1284,46.4880521361332,E,G74 4DY
109,1602,Eastbourne,3190,1805,56.5830721003135,3024,1592,52.6455026455026,6220,3398,54.6302250803859,E,BN22 7PT
110,1616,Edinburgh (Currie),3365,1782,52.9569093610698,2989,1659,55.5035128805621,6373,3445,54.0561744861133,E,
111,1630,Edinburgh (Musselburgh),3423,1618,47.2684779433246,3256,1536,47.1744471744472,6685,3155,47.1952131637996,E,
112,1644,Elgin,1225,558,45.5510204081633,1126,506,44.9378330373002,2358,1066,45.2078032230704,E,IV30 1RJ
113,1659,Elswick,1446,611,42.2544951590595,1439,584,40.5837387074357,2885,1195,41.421143847487,E,NE4 7YL
114,1674,Enfield (Innova Business Park),4235,2139,50.5076741440378,4059,1702,41.9315102241932,8294,3841,46.3105859657584,E,EN3 7XY
115,1689,Erith (London),2491,743,29.8273785628262,2306,618,26.7996530789245,4797,1361,28.3718991036064,E,DA17 6AS
116,1704,Exeter,3667,1707,46.5503136078538,3513,1530,43.5525192143467,7180,3237,45.08356545961,E,EX2 8FS
117,1719,Farnborough,4158,2467,59.3314093314093,4099,2252,54.9402293242254,8257,4719,57.1515078115538,F,GU14 6UU
118,1734,Featherstone,3951,1536,38.8762338648443,3747,1376,36.7227115025354,7699,2913,37.8360826081309,F,
119,1749,Folkestone,2562,1202,46.9164715066354,2189,1045,47.7386934673367,4752,2247,47.2853535353535,F,
120,1763,Forfar,207,141,68.1159420289855,242,168,69.4214876033058,449,309,68.8195991091314,F,DD8 2AE
121,1777,Fort William,198,109,55.0505050505051,164,104,63.4146341463415,362,213,58.8397790055249,F,PH33 6AN
122,1790,Fraserburgh,73,61,83.5616438356164,99,65,65.6565656565656,172,126,73.2558139534884,F,AB43 9TN
123,1802,Gairloch,18,13,72.2222222222222,19,12,63.1578947368421,37,25,67.5675675675676,G,IV21 2BX
124,1816,Galashiels,459,319,69.4989106753813,445,295,66.2921348314607,904,614,67.9203539823009,G,TD1 3BH
125,1831,Gateshead,1711,787,45.9964932787843,1550,650,41.9354838709677,3262,1437,44.0527283874923,G,NE11 9HU
126,1846,Gillingham,3792,2301,60.6803797468354,3990,2275,57.0175438596491,7782,4576,58.8023644307376,G,ME8 0RZ
127,1860,Girvan,83,49,59.0361445783132,105,64,60.952380952381,189,113,59.7883597883598,G,KA26 9AL
128,1874,Glasgow (Anniesland),3778,1668,44.150344097406,3316,1299,39.1737032569361,7108,2969,41.7698368036016,G,G13 1XT
129,1888,Glasgow (Baillieston),2962,1409,47.5692099932478,3004,1399,46.5712383488682,5974,2811,47.0539002343488,G,G69 6GA
130,1902,Glasgow (Shieldhall),2884,1143,39.6324549237171,2431,1025,42.1637186343069,5318,2169,40.7860097781121,G,G51 4TH
131,1917,Gloucester,2431,1299,53.434800493624,2563,1326,51.736246586032,4994,2625,52.563075690829,G,GL2 4LY
132,1931,Golspie,50,41,82,54,38,70.3703703703704,104,79,75.9615384615385,G,KW10 6RN
133,1946,Goodmayes (London),12139,5569,45.8769256116649,11068,4027,36.3841705818576,23213,9599,41.3518287166674,G,IG3 9UZ
134,1961,Gosforth,2431,1239,50.9666803784451,2384,1101,46.1828859060403,4818,2342,48.6093814860938,G,NE3 5HB
135,1975,Grangemouth,1526,843,55.2424639580603,1827,928,50.7936507936508,3353,1771,52.8183716075157,G,FK3 8UU
136,1990,Grantham (Somerby),2837,1623,57.2083186464575,2567,1338,52.1231008959875,5404,2961,54.7927461139896,G,NG31 7TX
137,2004,Grantown-On-Spey,65,39,60,58,34,58.6206896551724,123,73,59.349593495935,G,PH26 3JR
138,2019,Greenford (Horsenden Lane),3805,1572,41.3140604467806,2896,1019,35.1864640883978,6703,2591,38.6543338803521,G,
139,2033,Greenock,1383,585,42.2993492407809,1103,499,45.2402538531278,2492,1086,43.5794542536116,G,PA16 8DD
140,2048,Grimsby Coldwater,2178,941,43.2047750229568,2230,866,38.8340807174888,4408,1807,40.9936479128857,G,
141,2063,Guildford,2452,1075,43.8417618270799,2246,934,41.5850400712378,4698,2009,42.7628778203491,G,GU1 1SA
142,2077,Haddington,511,323,63.2093933463796,669,386,57.6980568011958,1180,709,60.0847457627119,H,EH41 4NG
143,2092,Halifax,1786,912,51.063829787234,1968,800,40.650406504065,3754,1712,45.6046883324454,H,HX2 0HA
144,2106,Hamilton,1570,822,52.3566878980892,1794,920,51.2820512820513,3364,1742,51.7835909631391,H,ML3 6RQ
145,2121,Hartlepool,2089,1271,60.842508377214,2306,1273,55.20381613183,4395,2544,57.8839590443686,H,TS25 1TZ
146,2136,Hastings (Ore),1332,664,49.8498498498499,1387,670,48.3056957462149,2719,1334,49.0621552041192,H,TN35 4NN
147,2150,Hawick,172,122,70.9302325581395,140,112,80,312,234,75,H,TD9 8AG
148,2165,Heckmondwike,3479,1657,47.6286289163553,3742,1422,38.0010689470871,7222,3079,42.6336194959845,H,WF16 0AS
149,2180,Hendon (London),6074,2935,48.3207112281857,5158,2068,40.0930593253199,11233,5004,44.5473159440933,H,NW9 5TZ
150,2195,Hereford,1485,973,65.5218855218855,1536,877,57.0963541666667,3021,1850,61.2380006620324,H,HR4 0LE
151,2210,Herne Bay,3292,1712,52.0048602673147,3475,1659,47.7410071942446,6767,3371,49.8152800354662,H,CT6 6LA
152,2225,Hexham,437,282,64.5308924485126,505,303,60,942,585,62.1019108280255,H,NE46 3EW
153,2240,Heysham,1293,722,55.8391337973705,1391,660,47.4478792235802,2685,1382,51.4711359404097,H,LA3 2UZ
154,2254,High Wycombe,1416,732,51.6949152542373,1467,637,43.4219495569189,2883,1369,47.485258411377,H,HP12 3PS
155,2269,Hinckley,1641,812,49.4820231566118,1441,683,47.3976405274115,3082,1495,48.5074626865672,H,LE10 2TG
156,2284,Hither Green (London),5127,2708,52.8184123268968,4587,2070,45.1275343361674,9716,4780,49.1972004940305,H,SE13 6JD
157,2299,Hornchurch (London),3304,1783,53.9648910411622,3092,1495,48.3505821474774,6396,3278,51.2507817385866,H,RM12 6JX
158,2314,Horsforth,4239,2184,51.5215852795471,4387,2032,46.3186687941646,8629,4218,48.8816780623479,H,LS18 5NY
159,2329,Huddersfield,3532,1755,49.6885617214043,3430,1533,44.6938775510204,6964,3289,47.2286042504308,H,HD1 5NA
160,2344,Hull,3867,2151,55.6245151280062,4156,2048,49.2781520692974,8023,4199,52.3370310357721,H,
161,2358,Huntly,127,78,61.4173228346457,160,98,61.25,287,176,61.3240418118467,H,AB54 8JX
162,2372,Inveraray,40,30,75,40,31,77.5,81,61,75.3086419753086,I,
163,2386,Inverness (Seafield Road),1103,548,49.6826835902085,1149,551,47.9547432550044,2254,1100,48.8021295474712,I,
164,2400,Inverurie,257,157,61.0894941634241,345,216,62.6086956521739,602,373,61.9601328903655,I,AB51 4FR
165,2415,Ipswich,3599,2187,60.7668796888024,3582,2014,56.2255723059743,7181,4201,58.5016014482663,I,IP3 9SW
166,2429,Irvine,2072,1066,51.4478764478765,2264,1116,49.2932862190813,4336,2182,50.3228782287823,I,KA11 5DJ
167,2438,Islay Island,23,19,82.6086956521739,27,17,62.962962962963,50,36,72,I,PA43 7JH
168,2447,Isle of Mull,14,8,57.1428571428571,7,6,85.7142857142857,21,14,66.6666666666667,I,PA72 6JD
169,2461,Isle of Skye (Portree),74,55,74.3243243243243,84,54,64.2857142857143,160,109,68.125,I,IV51 9LX
170,2468,Isle of Tiree,..,..,..,..,..,..,..,..,..,I,PA77 6UH
171,2483,Isleworth (Fleming Way),7028,3554,50.5691519635743,5583,2547,45.6206340677055,12613,6102,48.3786569412511,I,
172,2497,Kelso,119,86,72.2689075630252,125,85,68,244,171,70.0819672131148,K,TD5 8DW
173,2512,Kendal (Oxenholme Road),1097,713,64.9954421148587,993,601,60.5236656596173,2090,1314,62.8708133971292,K,LA9 7RL
174,2527,Kettering,4318,1883,43.6081519221862,4128,1542,37.3546511627907,8447,3425,40.5469397419202,K,NN15 6NL
175,2542,Kings Lynn,2781,1605,57.7130528586839,2858,1436,50.2449265220434,5639,3041,53.9280014186913,K,PE30 4LS
176,2555,Kingussie,32,22,68.75,43,18,41.8604651162791,75,40,53.3333333333333,K,PH21 1EN
177,2569,Kirkcaldy,3123,1524,48.7992315081652,2847,1319,46.3294696171409,5972,2843,47.6054922973878,K,KY1 2YX
178,2584,Knaresborough,2837,1526,53.7892139584068,2533,1309,51.6778523489933,5376,2835,52.734375,K,HG5 8QB
179,2598,Kyle of Lochalsh,69,52,75.3623188405797,51,35,68.6274509803922,120,87,72.5,K,IV40 8BP
180,2612,Lanark,663,395,59.577677224736,906,499,55.0772626931567,1569,894,56.9789674952199,L,ML11 9AX
181,2627,Lancing,3244,1790,55.1787916152898,3667,1869,50.9680938096537,6915,3660,52.9284164859002,L,
182,2642,Launceston,1308,604,46.177370030581,1272,583,45.8333333333333,2581,1188,46.0286710577296,L,PL15 9NJ
183,2657,Lee On The Solent,3544,2427,68.4819413092551,3593,2258,62.8444197049819,7137,4685,65.6438279389099,L,PO13 9YA
184,2672,Leeds,5036,2102,41.7394757744241,4468,1569,35.1163831692032,9506,3671,38.617715127288,L,LS9 6NF
185,2687,Leicester (Cannock Street),4583,2009,43.8359153392974,3668,1225,33.3969465648855,8251,3234,39.1952490607199,L,LE4 9HT
186,2702,Leicester (Wigston),7402,3244,43.8259929748717,6008,2475,41.1950732356857,13411,5720,42.651554693908,L,LE18 4WS
187,2717,Leighton Buzzard (Stanbridge Road),3315,1680,50.6787330316742,2907,1320,45.4076367389061,6225,3001,48.2088353413655,L,LU7 4QG
188,2732,Lerwick,233,185,79.3991416309013,250,169,67.6,483,354,73.2919254658385,L,ZE1 0DJ
189,2747,Letchworth,2043,1087,53.206069505629,1938,1086,56.0371517027864,3981,2173,54.5842753077116,L,SG6 1RF
190,2762,Lichfield,3455,1589,45.9913169319826,3526,1496,42.4276800907544,6981,3085,44.1913765936112,L,WS13 6RB
191,2777,Lincoln,3114,1701,54.6242774566474,2915,1414,48.5077186963979,6029,3115,51.6669431083098,L,LN6 3RT
192,2791,Livingston,1171,704,60.1195559350982,1539,838,54.4509421702404,2710,1542,56.90036900369,L,EH54 5DE
193,2806,Llanelli,1505,790,52.4916943521595,1730,853,49.3063583815029,3235,1643,50.7882534775889,L,SA15 3SB
194,2821,Llantrisant,1566,1015,64.8148148148148,1825,1103,60.4383561643836,3392,2119,62.4705188679245,L,
195,2834,Lochgilphead,64,52,81.25,59,47,79.6610169491525,123,99,80.4878048780488,L,PA31 8QX
196,2849,Loughborough,2554,1235,48.3555207517619,2430,1114,45.843621399177,4984,2349,47.1308186195827,L,LE11 1JP
197,2864,Loughton (London),2617,1141,43.5995414596867,2132,921,43.1988742964353,4749,2062,43.4196672983786,L,IG10 1RB
198,2879,Louth,251,147,58.5657370517928,300,168,56,551,315,57.1687840290381,L,LN11 8RS
199,2894,Lowestoft(Mobbs Way),2646,1254,47.3922902494331,2446,1031,42.1504497138185,5092,2285,44.8743126472899,L,
200,2909,Ludlow,1515,833,54.983498349835,1458,740,50.7544581618656,2973,1573,52.9095190043727,L,SY8 1GN
201,2924,Luton,4716,2112,44.7837150127227,4034,1507,37.3574615765989,8756,3622,41.3659205116492,L,LU1 5BT
202,2939,Macclesfield,1896,992,52.3206751054852,1677,810,48.3005366726297,3573,1802,50.4338091239854,M,SK11 6EG
203,2954,Maidstone,1913,1055,55.1489806586513,2080,1070,51.4423076923077,3993,2125,53.2181317305284,M,ME15 6JZ
204,2963,Mallaig,13,11,84.6153846153846,18,16,88.8888888888889,31,27,87.0967741935484,M,PH41 4PX
205,2978,Malton,101,60,59.4059405940594,146,85,58.2191780821918,247,145,58.7044534412955,M,YO17 7LB
206,2993,Melton Mowbray,887,573,64.5997745208568,986,602,61.0547667342799,1873,1175,62.7335824879872,M,LE13 0UL
207,3008,Merthyr Tydfil,1570,972,61.9108280254777,1703,935,54.9031121550206,3273,1907,58.2645890620226,M,CF48 4DR
208,3023,Middlesbrough,4146,2274,54.8480463096961,4199,2114,50.3453203143606,8346,4389,52.588066139468,M,TS3 8TE
209,3038,Mill Hill (London),5633,2640,46.8666785016865,4894,1972,40.2942378422558,10529,4613,43.8123278563966,M,NW7 2DQ
210,3053,Mitcham (London),5078,2345,46.1795982670343,4330,1762,40.6928406466513,9408,4107,43.6543367346939,M,CR0 3AQ
211,3068,Monmouth,1073,616,57.4091332712022,1157,641,55.4019014693172,2230,1257,56.3677130044843,M,NP25 3DP
212,3082,Montrose,293,227,77.4744027303754,309,244,78.9644012944984,602,471,78.2392026578073,M,DD10 9SL
213,3097,Morden (London),6655,3382,50.8189331329827,6650,2932,44.0902255639098,13305,6314,47.4558436677941,M,
214,3112,Nelson,2275,1431,62.9010989010989,2210,1102,49.8642533936652,4485,2533,56.4771460423634,N,BB9 0AH
215,3127,Newbury (Hambridge Lane),1620,995,61.4197530864198,1696,975,57.4882075471698,3317,1971,59.4211637021405,N,RG14 5TZ
216,3142,Newport (Gwent),2121,1131,53.3239038189533,2134,1095,51.3120899718838,4255,2226,52.3149236192714,N,NP19 4XH
217,3157,Newport IOW (Innovation Centre),1336,784,58.6826347305389,1348,700,51.9287833827893,2684,1484,55.2906110283159,N,
218,3172,Newton Abbot,3356,1648,49.1060786650775,3359,1578,46.9782673414707,6717,3226,48.0273931814798,N,TQ12 4YQ
219,3186,Newton Stewart,87,56,64.367816091954,91,55,60.4395604395604,178,111,62.3595505617978,N,DG8 6HL
220,3201,Newtown,455,337,74.0659340659341,502,376,74.9003984063745,957,713,74.503657262278,N,SY16 1JB
221,3216,Norris Green (Liverpool),5485,2361,43.0446672743847,6098,2398,39.3243686454575,11594,4763,41.0815939278937,N,L11 5BR
222,3231,Northallerton,1712,1056,61.6822429906542,1734,1020,58.8235294117647,3446,2076,60.2437608821822,N,DL6 1NU
223,3246,Northampton,4886,2551,52.2103970528039,4845,2104,43.4262125902993,9732,4656,47.8421701602959,N,NN5 7QA
224,3261,Northwich,1484,912,61.455525606469,1718,1014,59.0221187427241,3202,1926,60.1499063085572,N,CW8 4BU
225,3276,Norwich (Jupiter Road),1330,745,56.015037593985,1272,682,53.6163522012579,2604,1428,54.8387096774194,N,
226,3291,Norwich (Peachman Way),3885,2296,59.0990990990991,4096,2249,54.9072265625,7984,4546,56.938877755511,N,
227,3306,Nottingham (Chilwell),3049,1564,51.2955067235159,2958,1376,46.5179175118323,6008,2940,48.9347536617843,N,
228,3321,Nottingham (Colwick),4179,2119,50.7059105049055,3773,1742,46.170156374238,7957,3862,48.5358803569184,N,NG4 2JU
229,3336,Nuneaton,3331,1711,51.3659561693185,2832,1411,49.8234463276836,6166,3124,50.6649367499189,N,CV10 8AA
230,3350,Oban,136,91,66.9117647058823,133,78,58.6466165413534,269,169,62.8252788104089,O,PA34 4AE
231,3365,Orkney,156,107,68.5897435897436,177,118,66.6666666666667,333,225,67.5675675675676,O,KW15 1FL
232,3380,Oswestry,707,367,51.9094766619519,742,419,56.4690026954178,1449,786,54.2443064182195,O,SY10 8GA
233,3395,Oxford (Cowley),3671,1923,52.3835467175157,3542,1623,45.8215697346132,7217,3548,49.1617015380352,O,OX4 2PY
234,3409,Paisley,2177,1220,56.0404225999081,2476,1327,53.59450726979,4654,2547,54.72711645896,P,PA3 3AT
235,3423,Peebles,92,70,76.0869565217391,132,95,71.969696969697,224,165,73.6607142857143,P,EH45 8DN
236,3438,Pembroke Dock,1222,779,63.7479541734861,1237,758,61.2772837510105,2459,1537,62.5050833672225,P,SA72 6TD
237,3453,Penzance,300,162,54,362,179,49.4475138121547,662,341,51.5105740181269,P,TR18 4JH
238,3467,Perth (Arran Road),1168,750,64.2123287671233,1276,708,55.4858934169279,2444,1458,59.6563011456628,P,PH1 3DZ
239,3482,Peterborough,4722,2535,53.6848792884371,4367,2158,49.4160751087703,9089,4693,51.6338431070525,P,PE1 5XA
240,3496,Peterhead,567,377,66.4902998236332,607,405,66.7215815485997,1174,782,66.6098807495741,P,AB42 3AW
241,3511,Pinner (London),7641,3947,51.6555424682633,7013,3158,45.0306573506345,14656,7105,48.4784388646288,P,HA5 2DZ
242,3525,Pitlochry,49,37,75.5102040816327,53,40,75.4716981132076,102,77,75.4901960784314,P,PH16 5EA
243,3540,Plymouth,3712,1509,40.6519396551724,3958,1511,38.1758463870642,7671,3021,39.382088384826,P,PL5 2EY
244,3555,Pontefract,2710,1404,51.8081180811808,2928,1323,45.1844262295082,5638,2727,48.3682156793189,P,WF8 1RB
245,3570,Poole,3736,2125,56.8790149892934,4066,2095,51.5248401377275,7804,4221,54.087647360328,P,BH17 0SA
246,3585,Portsmouth,5462,2854,52.2519223727572,4772,2306,48.3235540653814,10234,5160,50.4201680672269,P,PO17 6AR
247,3600,Preston,3972,2436,61.3293051359517,4084,2146,52.5465230166503,8062,4584,56.8593401141156,P,PR2 2PD
248,3615,Pwllheli,243,171,70.3703703703704,291,168,57.7319587628866,534,339,63.4831460674157,P,LL53 5HT
249,3630,Reading,5740,3179,55.383275261324,5288,2697,51.0022692889561,11031,5877,53.2771280935545,R,RG2 0BW
250,3645,Redditch,2919,1260,43.1654676258993,2501,1043,41.703318672531,5420,2303,42.4907749077491,R,B97 6HJ
251,3660,Redhill Aerodrome,1746,960,54.9828178694158,1649,906,54.9423893268648,3395,1866,54.9631811487482,R,
252,3675,Rhyl,1757,996,56.6875355719977,1699,820,48.2636845203061,3456,1816,52.5462962962963,R,LL18 2EL
253,3690,Rochdale (Manchester),3340,1313,39.311377245509,3113,994,31.9306135560552,6453,2307,35.7508135750814,R,OL16 5AF
254,3705,Rotherham,3141,1732,55.1416746259153,3017,1435,47.5638051044084,6158,3167,51.4290354011043,R,S61 4RL
255,3719,Rothesay,50,33,66,45,34,75.5555555555556,95,67,70.5263157894737,R,PA20 0DE
256,3734,Rugby,2491,1563,62.745885186672,2249,1366,60.738105824811,4740,2929,61.7932489451477,R,CV22 7DH
257,3749,Sale (Manchester),4130,2136,51.7191283292978,3722,1756,47.1789360558839,7854,3893,49.5670995670996,S,M33 7ER
258,3764,Salisbury,2290,1248,54.4978165938865,2128,1169,54.9342105263158,4418,2417,54.7080126754187,S,SP1 1LY
259,3779,Scarborough,1166,595,51.0291595197256,1200,511,42.5833333333333,2366,1106,46.7455621301775,S,YO11 3BY
260,3794,Scunthorpe,2955,1437,48.6294416243655,2865,1308,45.6544502617801,5820,2745,47.1649484536082,S,DN15 6XH
261,3809,Sevenoaks,1856,1111,59.8599137931035,1909,1129,59.1409114719749,3765,2240,59.4953519256308,S,TN13 1HJ
262,3824,Sheffield (Handsworth),4674,2053,43.9238339751819,4260,1734,40.7042253521127,8936,3788,42.3903312444046,S,S6 1TQ
263,3839,Sheffield (Middlewood Road),3289,1583,48.1301307388264,3169,1387,43.7677500788892,6467,2970,45.9254677593938,S,S13 9LT
264,3854,Shrewsbury,1419,667,47.0049330514447,1231,602,48.9033306255077,2650,1269,47.8867924528302,S,SY1 3BF
265,3869,Sidcup (London),3614,2059,56.972883231876,3636,1826,50.2200220022002,7251,3885,53.5788167149359,S,DA14 5AG
266,3884,Skegness,487,325,66.735112936345,578,338,58.477508650519,1069,664,62.1141253507951,S,PE25 3ST
267,3899,Skipton,1620,939,57.962962962963,1439,733,50.9381514940931,3059,1672,54.6583850931677,S,BD23 2BE
268,3914,Slough (London),6285,3128,49.769291964996,5418,2374,43.8169066076043,11705,5503,47.0140965399402,S,SL2 5AF
269,3929,South Shields,2098,1021,48.6653956148713,2214,1008,45.5284552845528,4312,2029,47.0547309833024,S,NE32 3EG
270,3944,Southall (London),4539,2041,44.965851509143,2715,1075,39.5948434622468,7255,3116,42.9496898690558,S,UB1 2HD
271,3959,Southampton (Forest Hills),2320,1294,55.7758620689655,2503,1117,44.6264482620855,4823,2411,49.9896330085009,S,SO18 2FY
272,3974,Southampton (Maybush),6063,2656,43.8066963549398,5248,2198,41.8826219512195,11316,4855,42.903852951573,S,SO16 9FP
273,3989,Southend-on-Sea,2149,1230,57.2359236854351,2432,1230,50.5756578947368,4581,2460,53.7000654878847,S,SS2 6LL
274,4004,Southport (Liverpool),2290,1326,57.9039301310044,2715,1482,54.585635359116,5006,2808,56.0926887734718,S,PR8 1HE
275,4019,Speke (Liverpool),4101,1373,33.4796391124116,3791,1242,32.7618042732788,7898,2616,33.1223094454292,S,
276,4034,St Albans,3091,1438,46.5221611129084,2925,1326,45.3333333333333,6017,2764,45.9365132125644,S,AL1 3JX
277,4049,St Helens (Liverpool),3914,1770,45.222278998467,3508,1537,43.8141391106043,7422,3307,44.5567232551873,S,WA9 1NS
278,4064,Stafford,1377,634,46.0421205519245,1293,600,46.4037122969838,2670,1234,46.2172284644195,S,ST16 2RF
279,4079,Steeton,2164,1182,54.6210720887246,1890,940,49.7354497354497,4056,2123,52.3422090729783,S,BD20 6RW
280,4094,Stevenage,3008,1464,48.6702127659575,2581,1167,45.2150329329717,5589,2631,47.0746108427268,S,SG1 3DT
281,4108,Stirling,2239,1140,50.915587315766,2172,1088,50.0920810313076,4418,2232,50.520597555455,S,FK8 2HF
282,4123,Stoke-On-Trent (Cobridge),2157,850,39.4065832174316,2252,734,32.5932504440497,4409,1584,35.9265139487412,S,
283,4138,Stoke-on-Trent (Newcastle-Under-Lyme),3316,1550,46.7430639324487,3003,1319,43.9227439227439,6320,2870,45.4113924050633,S,
284,4153,Stornoway,168,108,64.2857142857143,225,127,56.4444444444444,393,235,59.7964376590331,S,HS1 2XX
285,4167,Stranraer,81,60,74.0740740740741,142,103,72.5352112676056,225,164,72.8888888888889,S,DG9 8EH
286,4182,Sunderland,2378,1129,47.4768713204373,2551,1103,43.2379459035672,4929,2232,45.2830188679245,S,SR5 3JJ
287,4197,Swansea,3579,1778,49.6786811958648,3257,1593,48.9100399140313,6836,3371,49.3124634289058,S,SA1 8QY
288,4212,Swindon,4439,2126,47.8936697454382,3999,1807,45.1862965741435,8438,3933,46.6105712254089,S,SN5 5BL
289,4227,Taunton,2517,1524,60.5482717520858,2552,1498,58.6990595611285,5069,3022,59.6172815150917,T,TA2 8RX
290,4242,Telford,1987,945,47.5591343734273,2156,893,41.4192949907236,4143,1838,44.3639874487087,T,TF1 7FR
291,4255,Thurso,63,37,58.7301587301587,62,35,56.4516129032258,125,72,57.6,T,KW14 7QA
292,4270,Tilbury,1759,825,46.9016486640136,1958,840,42.9009193054137,3717,1665,44.7941888619855,T,RM18 7AE
293,4285,Tolworth (London),4923,2730,55.4539914686167,4281,2237,52.2541462275169,9205,4967,53.959804454101,T,KT6 7RZ
294,4300,Tottenham,2967,1406,47.3879339400067,2503,999,39.9121054734319,5470,2405,43.9670932358318,T,
295,4315,Trowbridge,1205,605,50.207468879668,1368,691,50.5116959064327,2574,1296,50.3496503496503,T,BA14 7DZ
296,4330,Tunbridge Wells,2195,1363,62.0956719817768,2196,1259,57.3315118397086,4392,2622,59.6994535519126,T,TN1 2ES
297,4344,Ullapool,23,17,73.9130434782609,28,23,82.1428571428571,51,40,78.4313725490196,U,IV26 2UW
298,4359,Upton,3838,1971,51.3548723293382,3802,1824,47.9747501315097,7647,3798,49.66653589643,U,CH49 0UF
299,4374,Uxbridge (London),2793,1457,52.1661296097386,1753,855,48.7735310895608,4546,2312,50.8578970523537,U,UB8 2DB
300,4389,Wakefield,2878,1420,49.3398193189715,3046,1364,44.7800393959291,5925,2785,47.0042194092827,W,WF5 9TG
301,4404,Wallasey,1466,636,43.3833560709413,1304,453,34.739263803681,2772,1089,39.2857142857143,W,CH44 8AT
302,4418,Walton LGV,693,383,55.2669552669553,523,292,55.8317399617591,1221,676,55.3644553644554,W,
303,4433,Wanstead (London),4601,1808,39.2958052597262,3141,1063,33.8427252467367,7743,2871,37.0786516853933,W,E11 2AW
304,4448,Warrington,2386,1450,60.7711651299246,2674,1451,54.2632759910247,5060,2901,57.3320158102767,W,WA2 9EP
305,4463,Warwick (Wedgenock House),4249,2479,58.3431395622499,4094,2190,53.4929164631168,8347,4670,55.9482448783994,W,
306,4478,Watford,3336,1766,52.9376498800959,2557,1342,52.4833789597184,5893,3108,52.7405396232819,W,WD25 8HU
307,4493,Watnall,2116,1115,52.6937618147448,2108,1113,52.7988614800759,4226,2228,52.721249408424,W,NG16 1JF
308,4508,Wednesbury,4009,1724,43.0032427039162,3321,1171,35.2604637157483,7330,2895,39.4952251023192,W,WS10 9HN
309,4523,Wellingborough,506,336,66.403162055336,604,387,64.0728476821192,1110,723,65.1351351351351,W,NN8 2EF
310,4538,West Didsbury (Manchester),5728,2891,50.4713687150838,5346,2414,45.1552562663674,11087,5310,47.8939298277262,W,M21 7QY
311,4553,West Wickham (London),2935,1441,49.0971039182283,3325,1502,45.1729323308271,6261,2944,47.0212426130011,W,BR4 0RL
312,4568,Weston-super-Mare,2568,1477,57.5155763239875,2519,1283,50.932909884875,5087,2760,54.2559465303715,W,
313,4581,Whitby,112,65,58.0357142857143,148,81,54.7297297297297,260,146,56.1538461538462,W,YO22 4ET
314,4595,Wick,89,47,52.8089887640449,97,53,54.639175257732,186,100,53.763440860215,W,KW1 4QS
315,4610,Widnes,2658,1408,52.9721595184349,2571,1202,46.7522364838584,5230,2611,49.9235181644359,W,
316,4625,Winchester,3101,1783,57.4975814253467,2692,1490,55.3491827637444,5793,3273,56.4992232004143,W,SO23 9SY
317,4640,Wolverhampton,5533,2158,39.0023495391289,4488,1518,33.8235294117647,10023,3677,36.685623066946,W,WV4 6JX
318,4655,Wood Green (London),4794,2366,49.3533583646224,3838,1596,41.5841584158416,8633,3962,45.893663848025,W,N22 5LF
319,4670,Worcester,3921,2231,56.8987503187962,4009,2100,52.3821401845847,7931,4332,54.6211070482915,W,WR4 9FE
320,4685,Workington,1202,695,57.8202995008319,1312,743,56.6310975609756,2514,1438,57.1996817820207,W,CA14 3YT
321,4700,Worksop,2315,1450,62.6349892008639,2239,1283,57.3023671281822,4554,2733,60.0131752305665,W,S81 8BW
322,4715,Wrexham,1940,832,42.8865979381443,1877,808,43.0474160895045,3817,1640,42.9656798532879,W,LL13 7YP
323,4730,Yeading (London),3947,1588,40.233088421586,1909,675,35.358826610791,5856,2263,38.6441256830601,Y,
324,4745,Yeovil,2590,1737,67.0656370656371,2633,1633,62.0205089251804,5226,3371,64.5044010715653,Y,
325,4760,York,2841,1535,54.030271031327,3340,1594,47.7245508982036,6181,3129,50.6228765571914,Y,
326,4775,ZHyde (Manchester),3344,2099,62.7691387559809,3420,1931,56.4619883040936,6764,4030,59.5801301005322,Z,
327,4790,ZWhitchurch,592,319,53.8851351351351,667,301,45.1274362818591,1259,620,49.2454328832407,Z,
328,4792,NATIONAL FIGURES,791286,403209,50.9561650275627,746650,348578,46.6855956606174,1538314,751914,48.8790975054508,N,
