centre,Sum of male_take,Sum of male_pass,Sum of female_take,Sum of female_pass,Sum of take,Sum of pass,male_pass_rate,female_pass_rate,total_pass_rate
Aberdeen North,7654,4497,9044,4653,16712,9153,58.75%,51.45%,54.77%
Aberdeen South (Cove),6833,4148,7681,4164,14523,8316,60.71%,54.21%,57.26%
Aberfeldy,85,64,97,54,182,118,75.29%,55.67%,64.84%
Abergavenny,8581,5351,9444,5246,18025,10597,62.36%,55.55%,58.79%
Aberystwyth (Park Avenue),2021,1194,2258,1181,4279,2375,59.08%,52.30%,55.50%
Airdrie,7650,3874,8507,3880,16159,7755,50.64%,45.61%,47.99%
Alness,2006,1210,1985,1161,3991,2371,60.32%,58.49%,59.41%
Alnwick,1474,1018,1651,1001,3125,2019,69.06%,60.63%,64.61%
Apr-June 2020,820,502,1749,954,4377,2442,61.22%,54.55%,55.79%
Arbroath,1517,966,1676,1053,3196,2020,63.68%,62.83%,63.20%
Ashfield,13751,8581,16489,8939,30241,17520,62.40%,54.21%,57.93%
Ashford (Kent),7738,3637,8373,3660,16111,7297,47.00%,43.71%,45.29%
Ashford (London Middlesex),11877,6171,12626,6025,24504,12196,51.96%,47.72%,49.77%
Atherton (Manchester),12444,6527,14532,6776,26976,13303,52.45%,46.63%,49.31%
Aylesbury,9225,4704,9924,4516,19149,9220,50.99%,45.51%,48.15%
Ayr,4327,2199,4526,2058,8857,4258,50.82%,45.47%,48.07%
Bala,1386,742,1433,743,2819,1485,53.54%,51.85%,52.68%
Ballater,246,200,322,219,568,419,81.30%,68.01%,73.77%
Banbury,11613,6082,12018,5865,23633,11947,52.37%,48.80%,50.55%
Banff,473,312,512,306,985,618,65.96%,59.77%,62.74%
Bangor,8123,4501,8926,4509,17050,9011,55.41%,50.52%,52.85%
Barking (Tanner Street),18003,7364,13083,4403,31086,11767,40.90%,33.65%,37.85%
Barking (Town Quay),3339,1343,2696,896,6035,2239,40.22%,33.23%,37.10%
Barnet (London),13087,5657,11845,4429,24936,10087,43.23%,37.39%,40.45%
Barnsley,10879,6120,13000,6182,23881,12303,56.26%,47.55%,51.52%
Barnstaple,5911,3417,7124,3455,13035,6872,57.81%,48.50%,52.72%
Barrow In Furness,3982,2383,4244,2254,8227,4638,59.84%,53.11%,56.38%
Barry,3394,2199,4479,2391,7873,4590,64.79%,53.38%,58.30%
Basildon,12854,5783,13758,5711,26612,11494,44.99%,41.51%,43.19%
Basingstoke,9488,5186,10259,4948,19747,10134,54.66%,48.23%,51.32%
Bedford,2405,1361,2189,1133,4595,2494,56.59%,51.76%,54.28%
Belvedere (London),10552,3758,11077,3372,21629,7130,35.61%,30.44%,32.97%
Berwick-On-Tweed,1064,701,1132,689,2196,1390,65.88%,60.87%,63.30%
Beverley LGV,247,131,287,162,534,293,53.04%,56.45%,54.87%
Birmingham (Cocks Moors Woods),3962,1814,4731,1710,8693,3524,45.78%,36.14%,40.54%
Birmingham (Garretts Green),26258,11766,30461,10474,56720,22241,44.81%,34.38%,39.21%
Birmingham (Kings Heath),11090,4992,13132,4863,24223,9856,45.01%,37.03%,40.69%
Birmingham (Kingstanding),21926,8969,23660,7424,45588,16394,40.91%,31.38%,35.96%
Birmingham (Shirley),9121,4461,9394,3996,18517,8458,48.91%,42.54%,45.68%
Birmingham (South Yardley),17536,6954,19243,5472,36780,12426,39.66%,28.44%,33.78%
Birmingham (Sutton Coldfield),17094,7053,16317,5382,33416,12436,41.26%,32.98%,37.22%
Birmingham (The Pavilion),1887,625,2273,581,4160,1206,33.12%,25.56%,28.99%
Birmingham (Wyndley),6847,3390,7119,2994,13966,6384,49.51%,42.06%,45.71%
Bishopbriggs,10821,5412,11582,5329,22403,10741,50.01%,46.01%,47.94%
Bishops Stortford,12658,6213,13982,5934,26640,12147,49.08%,42.44%,45.60%
Blackburn with Darwen,14115,6914,16387,6477,30502,13391,48.98%,39.53%,43.90%
Blackpool,14705,7370,15173,6523,29880,13894,50.12%,42.99%,46.50%
Bletchley,18176,8429,19520,8324,37696,16753,46.37%,42.64%,44.44%
Blyth,10793,6549,12130,6605,22923,13154,60.68%,54.45%,57.38%
Bodmin,10188,4320,10512,4110,20700,8430,42.40%,39.10%,40.72%
Bolton (Manchester),19992,11297,20976,10186,40972,21484,56.51%,48.56%,52.44%
Borehamwood (London),10009,5369,8927,4192,18940,9562,53.64%,46.96%,50.49%
Boston,7875,4369,8031,4168,15908,8538,55.48%,51.90%,53.67%
Bournemouth,6437,3680,7125,3670,13562,7350,57.17%,51.51%,54.20%
Bradford (Heaton),12896,6767,17601,6446,30498,13214,52.47%,36.62%,43.33%
Bradford (Manningham),1130,497,1516,473,2648,970,43.98%,31.20%,36.63%
Bradford (Thornbury),12491,6261,11137,4540,23631,10802,50.12%,40.77%,45.71%
Brecon,2305,1575,2861,1625,5166,3200,68.33%,56.80%,61.94%
Bredbury (Manchester),9115,4312,7783,3315,16904,7628,47.31%,42.59%,45.13%
Brentwood (London),6596,3422,6121,3004,12717,6426,51.88%,49.08%,50.53%
Bridgend,8698,4931,9426,4799,18124,9730,56.69%,50.91%,53.69%
Bridlington,3524,2302,4002,2102,7526,4404,65.32%,52.52%,58.52%
Bristol (Avonmouth),12515,7085,12700,6408,25216,13494,56.61%,50.46%,53.51%
Bristol (Brislington),10071,4798,11050,4409,21121,9207,47.64%,39.90%,43.59%
Bristol (Jubilee House),186,76,130,45,316,121,40.86%,34.62%,38.29%
Bristol (Kingswood),15550,8614,15719,7790,31270,16405,55.40%,49.56%,52.46%
Bristol (Southmead),4280,2350,5099,2362,9379,4712,54.91%,46.32%,50.24%
Brodick (Isle of Arran),70,42,73,42,143,84,60.00%,57.53%,58.74%
Bromley (London),5143,2705,4928,2182,10072,4888,52.60%,44.28%,48.53%
Bromley Court,3366,1530,4210,1575,7576,3105,45.45%,37.41%,40.98%
Buckie,545,320,566,318,1111,638,58.72%,56.18%,57.43%
Burgess Hill,16659,7702,17381,7246,34040,14948,46.23%,41.69%,43.91%
Burton on Trent,10559,6000,11453,5385,22015,11386,56.82%,47.02%,51.72%
Bury (Manchester),11391,4654,13024,4269,24422,8924,40.86%,32.78%,36.54%
Bury St Edmunds,13126,5367,12908,5177,26035,10545,40.89%,40.11%,40.50%
Buxton,8343,4240,9535,4318,17878,8558,50.82%,45.29%,47.87%
Callander,439,216,682,320,1121,536,49.20%,46.92%,47.81%
Camborne,9772,4649,10163,4559,19935,9208,47.57%,44.86%,46.19%
Cambridge (Brookmount Court),14955,7641,16185,7501,31140,15142,51.09%,46.35%,48.63%
Cambridge (Chesterton Road),2453,1381,2773,1382,5226,2763,56.30%,49.84%,52.87%
Cambridge (Cowley Road),3343,1759,3890,1842,7233,3601,52.62%,47.35%,49.79%
Campbeltown,205,153,245,169,450,322,74.63%,68.98%,71.56%
Cannock,1164,618,1434,723,2598,1341,53.09%,50.42%,51.62%
Canterbury,6730,3392,6946,3131,13676,6523,50.40%,45.08%,47.70%
Cardiff (Llanishen),20601,11682,22451,11063,43068,22751,56.71%,49.28%,52.83%
Cardigan,2515,1403,2581,1329,5097,2733,55.79%,51.49%,53.62%
Cardington,10477,4842,11167,4523,21644,9365,46.22%,40.50%,43.27%
Carlisle,7996,4148,8284,3972,16283,8121,51.88%,47.95%,49.87%
Carlisle LGV,44,14,55,17,99,31,31.82%,30.91%,31.31%
Carlisle LGV (Cars),184,75,82,42,266,117,40.76%,51.22%,43.98%
Carmarthen,3695,2174,3647,1942,7342,4116,58.84%,53.25%,56.06%
Carshalton (Tolworth),4125,2132,4831,2155,8956,4287,51.68%,44.61%,47.87%
Castle Douglas,803,407,891,454,1694,861,50.68%,50.95%,50.83%
Chadderton,17038,8266,18468,6992,35509,15259,48.52%,37.86%,42.97%
Cheadle(Fire Station),2562,1539,3498,1878,6060,3417,60.07%,53.69%,56.39%
Cheetham Hill (Manchester),20566,8845,21651,7604,42222,16452,43.01%,35.12%,38.97%
Chelmsford (Hanbury Road),14202,7411,15154,6997,29357,14409,52.18%,46.17%,49.08%
Chelmsford (Hoffmans Way),2072,947,2011,899,4083,1846,45.70%,44.70%,45.21%
Cheltenham,11371,5804,12936,5567,24310,11372,51.04%,43.03%,46.78%
Chertsey (London),13988,7488,15048,7281,29036,14769,53.53%,48.39%,50.86%
Chester,14187,6791,16762,7056,30951,13847,47.87%,42.10%,44.74%
Chesterfield,7284,3496,7415,3366,14699,6862,48.00%,45.39%,46.68%
Chichester,9352,5589,10102,5366,19454,10955,59.76%,53.12%,56.31%
Chingford (London),29476,12283,25607,8596,55087,20882,41.67%,33.57%,37.91%
Chippenham,12579,6062,12403,5455,24984,11517,48.19%,43.98%,46.10%
Chorley,7748,4569,7689,4222,15437,8791,58.97%,54.91%,56.95%
Clacton-on-Sea,6645,3679,7566,3647,14211,7326,55.36%,48.20%,51.55%
Colchester,14741,6804,15311,6177,30054,12981,46.16%,40.34%,43.19%
Coventry,14817,6742,15758,5682,30576,12425,45.50%,36.06%,40.64%
Crawley,13619,5859,13894,5309,27513,11168,43.02%,38.21%,40.59%
Crewe,8159,3782,8180,3598,16340,7380,46.35%,43.99%,45.17%
Crieff,284,211,359,237,643,448,74.30%,66.02%,69.67%
Croydon (London),12820,5476,10787,3669,23610,9145,42.71%,34.01%,38.73%
Cumnock,1731,1080,2223,1229,3954,2309,62.39%,55.29%,58.40%
Darlington,7076,3909,7089,3487,14165,7396,55.24%,49.19%,52.21%
Darlington LGV,0,0,0,0,0,0,#DIV/0!,#DIV/0!,#DIV/0!
Derby (Alvaston),19771,10424,20565,9098,40339,19523,52.72%,44.24%,48.40%
Doncaster,15075,6994,16343,6717,31418,13711,46.39%,41.10%,43.64%
Dorchester,10146,6634,11008,6711,21155,13346,65.39%,60.96%,63.09%
Dudley,17117,7879,18892,7243,36009,15122,46.03%,38.34%,42.00%
Dumbarton,3822,1961,4102,1903,7927,3866,51.31%,46.39%,48.77%
Dumfries,3624,1842,3638,1725,7262,3567,50.83%,47.42%,49.12%
Dundee,9617,5867,10981,6004,20604,11874,61.01%,54.68%,57.63%
Dunfermline,2957,1425,3395,1502,6352,2927,48.19%,44.24%,46.08%
Dunfermline (Vine),2505,1345,2860,1433,5365,2778,53.69%,50.10%,51.78%
Dunoon,472,284,544,320,1016,604,60.17%,58.82%,59.45%
Duns,200,154,293,199,493,353,77.00%,67.92%,71.60%
Durham,14059,8825,16161,9233,30224,18059,62.77%,57.13%,59.75%
East Kilbride,3110,1425,4392,1952,7502,3377,45.82%,44.44%,45.01%
Eastbourne,10848,5897,11527,5629,22381,11527,54.36%,48.83%,51.50%
Edinburgh (Currie),13543,7091,13548,6784,27111,13880,52.36%,50.07%,51.20%
Edinburgh (Musselburgh),14793,7057,16627,6903,31433,13962,47.70%,41.52%,44.42%
Elgin,4343,2193,4616,2187,8970,4384,50.50%,47.38%,48.87%
Elswick,9280,4238,10277,4183,19558,8422,45.67%,40.70%,43.06%
Enfield (Brancroft Way),193,80,107,43,300,123,41.45%,40.19%,41.00%
Enfield (Innova Business Park),19212,8548,20482,7466,39694,16014,44.49%,36.45%,40.34%
Erith (London),11526,3822,13753,3993,25279,7815,33.16%,29.03%,30.91%
Exeter,13800,6874,14628,6679,28428,13553,49.81%,45.66%,47.67%
Farnborough,20624,12218,22706,11753,43330,23971,59.24%,51.76%,55.32%
Featherstone,14714,6167,16740,6028,31455,12196,41.91%,36.01%,38.77%
Folkestone,8903,4124,9185,3916,18090,8041,46.32%,42.63%,44.45%
Forfar,1111,785,1267,807,2378,1592,70.66%,63.69%,66.95%
Fort William,824,493,800,520,1624,1013,59.83%,65.00%,62.38%
Fraserburgh,787,554,1065,658,1852,1212,70.39%,61.78%,65.44%
Gairloch,82,64,86,60,168,124,78.05%,69.77%,73.81%
Galashiels,1903,1171,1828,1068,3731,2239,61.53%,58.42%,60.01%
Garston (Liverpool),3000,1252,2850,1092,5850,2344,41.73%,38.32%,40.07%
Garston (Speke - Crowne Plaza),1280,563,1255,483,2535,1046,43.98%,38.49%,41.26%
Gateshead,6951,3215,6597,2680,13549,5895,46.25%,40.62%,43.51%
Gillingham,18668,9947,20415,9770,39084,19718,53.28%,47.86%,50.45%
Girvan,405,262,535,320,941,582,64.69%,59.81%,61.85%
Glasgow (Anniesland),19523,8074,19228,7099,38775,15179,41.36%,36.92%,39.15%
Glasgow (Baillieston),13209,5994,15095,6205,28313,12202,45.38%,41.11%,43.10%
Glasgow (Knightswood),0,0,0,0,24,9,#DIV/0!,#DIV/0!,37.50%
Glasgow (Shieldhall),12857,5116,12398,4603,25259,9721,39.79%,37.13%,38.49%
Gloucester,13479,6617,14615,6631,28094,13248,49.09%,45.37%,47.16%
Golspie,189,142,228,149,432,302,75.13%,65.35%,69.91%
Goodmayes (London),59923,26100,63482,21946,123411,48049,43.56%,34.57%,38.93%
Gosforth,11335,5981,12671,5565,24017,11551,52.77%,43.92%,48.10%
Grangemouth,6896,3909,7919,4036,14815,7945,56.69%,50.97%,53.63%
Grantham (Somerby),9446,5176,9881,4681,19328,9858,54.80%,47.37%,51.00%
Grantown-On-Spey,249,143,264,152,528,306,57.43%,57.58%,57.95%
Greenford (Horsenden Lane),16419,6943,15046,5227,31469,12172,42.29%,34.74%,38.68%
Greenford (Whitton Ave East),2251,977,2057,699,4308,1676,43.40%,33.98%,38.90%
Greenock,4563,2080,4971,2120,9540,4202,45.58%,42.65%,44.05%
Grimsby Coldwater,9500,4193,10553,4253,20053,8446,44.14%,40.30%,42.12%
Guildford,12751,6544,13286,6284,26037,12828,51.32%,47.30%,49.27%
Haddington,2187,1437,2668,1528,4855,2965,65.71%,57.27%,61.07%
Halifax,9720,4275,10982,3962,20702,8237,43.98%,36.08%,39.79%
Halifax Maltings,0,0,0,0,17,9,#DIV/0!,#DIV/0!,52.94%
Hamilton,9711,4789,10901,4860,20612,9649,49.32%,44.58%,46.81%
Harlescott LGV,0,0,0,0,0,0,#DIV/0!,#DIV/0!,#DIV/0!
Hartlepool,9039,5380,10967,5654,20007,11035,59.52%,51.55%,55.16%
Hastings (Ore),7239,3392,8222,3484,15461,6876,46.86%,42.37%,44.47%
Hawick,693,464,786,490,1479,954,66.96%,62.34%,64.50%
Hayes (London),8270,3843,8678,3157,16948,7000,46.47%,36.38%,41.30%
Heckmondwike,13575,6437,17528,6229,31105,12667,47.42%,35.54%,40.72%
Hemel Hempstead (Fire Station),993,518,1650,816,2643,1334,52.17%,49.45%,50.47%
Hendon (London),24560,11257,24680,9628,49242,20886,45.83%,39.01%,42.42%
Hereford,5962,3627,6578,3543,12540,7170,60.84%,53.86%,57.18%
Herne Bay,14825,7191,17437,7221,32262,14412,48.51%,41.41%,44.67%
Hexham,1826,1189,2234,1292,4063,2482,65.12%,57.83%,61.09%
Heysham,5872,3192,6298,3049,12173,6242,54.36%,48.41%,51.28%
High Wycombe,9392,5025,10673,5005,20065,10030,53.50%,46.89%,49.99%
Hinckley,6560,3106,6741,2933,13301,6039,47.35%,43.51%,45.40%
Hither Green (London),25923,13564,27408,12092,53333,25658,52.32%,44.12%,48.11%
Hornchurch (London),14460,7309,16177,7338,30637,14647,50.55%,45.36%,47.81%
Horsforth,19790,9694,21596,9315,41390,19011,48.98%,43.13%,45.93%
Huddersfield,14451,7366,15508,6840,29961,14207,50.97%,44.11%,47.42%
Hull,19366,10040,21609,9805,40976,19846,51.84%,45.37%,48.43%
Huntly,522,328,619,383,1141,711,62.84%,61.87%,62.31%
Hyde (Manchester),10165,6062,12321,6490,22490,12552,59.64%,52.67%,55.81%
Inveraray,142,114,139,107,282,221,80.28%,76.98%,78.37%
Inverness (Cradlehall Business Park),1289,688,1349,626,2638,1314,53.37%,46.40%,49.81%
Inverness (Longman Drive),81,29,87,32,168,61,35.80%,36.78%,36.31%
Inverness (Seafield Road),3066,1510,3330,1493,6398,3004,49.25%,44.83%,46.95%
Inverurie,1508,959,1821,1071,3329,2030,63.59%,58.81%,60.98%
Ipswich,16018,10048,17397,9684,33415,19732,62.73%,55.66%,59.05%
Irvine,8478,4719,10019,4985,18497,9704,55.66%,49.76%,52.46%
Islay Island,91,73,116,79,207,152,80.22%,68.10%,73.43%
Isle of Mull,22,14,25,21,82,60,63.64%,84.00%,73.17%
Isle of Skye (Broadford),56,28,45,22,101,50,50.00%,48.89%,49.50%
Isle of Skye (Portree),278,198,317,208,597,406,71.22%,65.62%,68.01%
Isle of Tiree,0,0,0,0,14,12,#DIV/0!,#DIV/0!,85.71%
Isles of Scilly,0,0,0,0,9,6,#DIV/0!,#DIV/0!,66.67%
Isleworth (Fleming Way),31214,15222,29929,12496,61146,27720,48.77%,41.75%,45.33%
Jan-March 2021,203,121,198,120,946,542,59.61%,60.61%,57.29%
Kelso,432,269,547,314,993,593,62.27%,57.40%,59.72%
Kendal (Oxenholme Road),4706,3097,4711,2855,9417,5952,65.81%,60.60%,63.20%
Kettering,16762,8713,18061,7848,34825,16561,51.98%,43.45%,47.55%
Kings Lynn,11455,6202,13053,6097,24508,12299,54.14%,46.71%,50.18%
Kingussie,159,95,169,88,342,194,59.75%,52.07%,56.73%
Kirkcaldy,10525,5600,11338,5305,21865,10905,53.21%,46.79%,49.87%
Knaresborough,9322,4949,9323,4510,18651,9459,53.09%,48.37%,50.72%
Kyle of Lochalsh,200,131,179,111,379,242,65.50%,62.01%,63.85%
Lairg,44,28,39,23,83,51,63.64%,58.97%,61.45%
Lampeter,800,505,1026,503,1826,1008,63.13%,49.03%,55.20%
Lanark,3017,1723,4031,2080,7048,3803,57.11%,51.60%,53.96%
Lancing,13438,7056,14848,7072,28290,14129,52.51%,47.63%,49.94%
Launceston,4982,2525,5111,2483,10094,5009,50.68%,48.58%,49.62%
Lee On The Solent,11958,7669,13692,7394,25650,15063,64.13%,54.00%,58.73%
Leeds,16894,6633,17688,5842,34585,12476,39.26%,33.03%,36.07%
Leicester (Cannock Street),21045,9108,21488,7048,42533,16156,43.28%,32.80%,37.98%
Leicester (Wigston),24597,10965,24462,9956,49066,20923,44.58%,40.70%,42.64%
Leighton Buzzard (Stanbridge Road),13227,6605,13854,6042,27084,12648,49.94%,43.61%,46.70%
Lerwick,865,617,951,635,1816,1252,71.33%,66.77%,68.94%
Letchworth,9408,4791,10619,4942,20027,9733,50.92%,46.54%,48.60%
Lichfield,14188,7347,16292,7429,30480,14776,51.78%,45.60%,48.48%
Lincoln,11855,6276,13315,6013,25170,12289,52.94%,45.16%,48.82%
Livingston,7269,3730,9058,4136,16327,7866,51.31%,45.66%,48.18%
Llandrindod Wells,973,733,980,663,1953,1396,75.33%,67.65%,71.48%
Llanelli,6592,3558,7644,3607,14236,7165,53.97%,47.19%,50.33%
Llantrisant,4963,3003,5511,3098,10475,6102,60.51%,56.21%,58.25%
Lochgilphead,310,226,280,193,590,419,72.90%,68.93%,71.02%
Loughborough,10758,5727,11538,5327,22296,11054,53.23%,46.17%,49.58%
Loughton (London),11481,5407,12170,5134,23651,10541,47.10%,42.19%,44.57%
Louth,1513,892,1713,896,3226,1788,58.96%,52.31%,55.42%
Lower Gornal,4420,2444,5527,2417,9947,4861,55.29%,43.73%,48.87%
Lowestoft,2415,1262,2740,1232,5155,2494,52.26%,44.96%,48.38%
Lowestoft(Mobbs Way),8272,3961,8482,3613,16754,7574,47.88%,42.60%,45.21%
Ludlow,5201,2859,5623,2760,10824,5619,54.97%,49.08%,51.91%
Luton,19515,8102,22172,7232,41693,15337,41.52%,32.62%,36.79%
Macclesfield,7192,3736,7271,3458,14463,7194,51.95%,47.56%,49.74%
Maidstone,10972,5492,12452,5412,23424,10904,50.05%,43.46%,46.55%
Mallaig,32,27,43,34,104,85,84.38%,79.07%,81.73%
Malton,1332,905,1554,977,2886,1882,67.94%,62.87%,65.21%
Melton Mowbray,4020,2476,4762,2617,8782,5093,61.59%,54.96%,57.99%
Merthyr Tydfil,7811,4536,8813,4441,16624,8977,58.07%,50.39%,54.00%
Middlesbrough,19358,10437,20874,10069,40233,20507,53.92%,48.24%,50.97%
Mill Hill (London),21116,10121,20421,8206,41540,18328,47.93%,40.18%,44.12%
Mitcham (London),21763,10053,23630,9066,45395,19120,46.19%,38.37%,42.12%
Monmouth,5155,2898,5425,2812,10580,5710,56.22%,51.83%,53.97%
Montrose,509,375,579,430,1088,805,73.67%,74.27%,73.99%
Montrose (Broomfield Ind Estate),545,392,688,443,1233,835,71.93%,64.39%,67.72%
Morden (London),32239,16694,35288,15522,67529,32216,51.78%,43.99%,47.71%
National Driving Centre (Croydon),0,0,0,0,0,0,#DIV/0!,#DIV/0!,#DIV/0!
NATIONAL FIGURES,3355115,1684678,3602299,1577316,6957961,3262182,50.21%,43.79%,46.88%
Nelson,9933,5782,11832,5517,21765,11299,58.21%,46.63%,51.91%
Newbury (Hambridge Lane),9568,5223,10163,5183,19732,10407,54.59%,51.00%,52.74%
Newport (Gwent),11382,5830,12295,5489,23681,11321,51.22%,44.64%,47.81%
Newport IOW (Innovation Centre),5379,3073,5790,2924,11169,5997,57.13%,50.50%,53.69%
Newton Abbot,12527,6614,13317,6181,25848,12795,52.80%,46.41%,49.50%
Newton Stewart,405,244,431,249,836,493,60.25%,57.77%,58.97%
Newtown,2261,1301,2331,1452,4593,2754,57.54%,62.29%,59.96%
Norris Green (Liverpool),25058,10955,27855,11269,52927,22229,43.72%,40.46%,42.00%
Northallerton,6202,3797,6413,3683,12615,7480,61.22%,57.43%,59.29%
Northampton,18809,9905,20507,8997,39318,18904,52.66%,43.87%,48.08%
Northwich,6512,3700,7542,3816,14054,7516,56.82%,50.60%,53.48%
Norwich (Jupiter Road),5138,2830,5498,2795,10638,5626,55.08%,50.84%,52.89%
Norwich (Peachman Way),18734,10581,20859,10422,39603,21004,56.48%,49.96%,53.04%
Nottingham (Chilwell),11599,5852,12362,5281,23962,11133,50.45%,42.72%,46.46%
Nottingham (Colwick),18192,9008,18668,8277,36865,17286,49.52%,44.34%,46.89%
Nuneaton,10940,5760,10711,5160,21654,10922,52.65%,48.17%,50.44%
Oban,593,366,653,364,1246,730,61.72%,55.74%,58.59%
Orkney,654,448,730,499,1384,947,68.50%,68.36%,68.42%
Oswestry,2869,1465,3143,1556,6012,3021,51.06%,49.51%,50.25%
Oxford (Cowley),19888,10470,21893,9984,41788,20457,52.64%,45.60%,48.95%
Paisley,10879,5544,12799,5870,23680,11414,50.96%,45.86%,48.20%
Peebles,443,307,626,396,1069,703,69.30%,63.26%,65.76%
Pembroke Dock,4814,2847,5117,2756,9931,5603,59.14%,53.86%,56.42%
Penzance,2443,1294,2881,1351,5324,2645,52.97%,46.89%,49.68%
Perth (Arran Road),4418,2686,5167,2560,9585,5246,60.80%,49.55%,54.73%
Peterborough,20287,10478,21639,9622,41926,20100,51.65%,44.47%,47.94%
Peterhead,2126,1432,2453,1488,4579,2920,67.36%,60.66%,63.77%
Pinner (London),33178,16222,36832,14703,70012,30925,48.89%,39.92%,44.17%
Pitlochry,219,180,249,181,468,361,82.19%,72.69%,77.14%
Plymouth,16964,7090,18579,6851,35544,13942,41.79%,36.87%,39.22%
Pontefract,11509,5422,13419,5376,24929,10798,47.11%,40.06%,43.32%
Pontypridd,2005,1171,2342,1209,4347,2380,58.40%,51.62%,54.75%
Poole,13160,7770,14932,7696,28095,15468,59.04%,51.54%,55.06%
Portsmouth,17556,8881,17900,7971,35456,16852,50.59%,44.53%,47.53%
Preston,16249,9714,17691,9175,33948,18892,59.78%,51.86%,55.65%
Pwllheli,1294,839,1605,945,2899,1784,64.84%,58.88%,61.54%
Reading,23914,12651,25885,11870,49802,24522,52.90%,45.86%,49.24%
Redditch,11337,5207,11147,4733,22484,9940,45.93%,42.46%,44.21%
Redhill Aerodrome,6707,3496,7162,3413,13870,6909,52.12%,47.65%,49.81%
Reigate,2536,1262,2758,1163,5294,2425,49.76%,42.17%,45.81%
Rhyl,7112,3808,8289,3605,15401,7413,53.54%,43.49%,48.13%
Rochdale (Manchester),14371,5805,16313,4973,30684,10778,40.39%,30.48%,35.13%
Rotherham,11415,6141,13310,5851,24725,11992,53.80%,43.96%,48.50%
Rothesay,198,128,210,132,408,260,64.65%,62.86%,63.73%
Rugby,8662,4817,9197,4441,17859,9258,55.61%,48.29%,51.84%
Sale (Manchester),17079,9193,18407,8600,35488,17794,53.83%,46.72%,50.14%
Salford (Fire Station),430,177,459,161,889,338,41.16%,35.08%,38.02%
Salisbury,7961,4488,8383,4513,16344,9001,56.37%,53.84%,55.07%
Scarborough,3924,2273,4583,2148,8507,4421,57.93%,46.87%,51.97%
Scunthorpe,10851,5368,11398,4977,22249,10345,49.47%,43.67%,46.50%
Sevenoaks,8684,4926,10546,5347,19230,10273,56.73%,50.70%,53.42%
Sheffield (Handsworth),17799,8154,19277,7391,37078,15546,45.81%,38.34%,41.93%
Sheffield (Middlewood Road),16304,7905,18120,7399,34433,15304,48.49%,40.83%,44.45%
Shrewsbury,5762,2840,5872,2680,11634,5520,49.29%,45.64%,47.45%
Sidcup (London),17522,9122,18375,8039,35898,17161,52.06%,43.75%,47.80%
Skegness,2291,1442,2754,1468,5049,2911,62.94%,53.30%,57.65%
Skipton,5826,3260,6043,2938,11870,6199,55.96%,48.62%,52.22%
Slough (London),20178,10211,23635,9529,43815,19741,50.60%,40.32%,45.06%
South Shields,8502,4312,9571,4219,18073,8531,50.72%,44.08%,47.20%
Southall (London),15414,6684,12467,4707,27882,11391,43.36%,37.76%,40.85%
Southampton (Forest Hills),10700,5640,11901,5245,22601,10885,52.71%,44.07%,48.16%
Southampton (Maybush),18175,8490,18493,7814,36673,16305,46.71%,42.25%,44.46%
Southend-on-Sea,11617,5847,13781,6244,25398,12091,50.33%,45.31%,47.61%
Southport (Liverpool),11058,6031,12445,6128,23504,12159,54.54%,49.24%,51.73%
Speke (Liverpool),12277,4421,12222,3859,24509,8282,36.01%,31.57%,33.79%
St Albans,14452,6669,15600,6547,30053,13216,46.15%,41.97%,43.98%
St Helens (Liverpool),13831,6733,13877,6091,27708,12824,48.68%,43.89%,46.28%
Stafford,5470,2866,6200,2894,11670,5760,52.39%,46.68%,49.36%
Steeton,7210,3731,7643,3305,14855,7037,51.75%,43.24%,47.37%
Stevenage,10830,5613,10996,5131,21826,10744,51.83%,46.66%,49.23%
Stirling,7698,3706,8443,3730,16148,7440,48.14%,44.18%,46.07%
Stoke-On-Trent (Cobridge),10966,4592,12815,4306,23783,8898,41.87%,33.60%,37.41%
Stoke-on-Trent (Newcastle-Under-Lyme),12755,5698,13225,5239,25983,10939,44.67%,39.61%,42.10%
Stornoway,709,433,956,513,1665,946,61.07%,53.66%,56.82%
Stranraer,557,363,648,418,1207,782,65.17%,64.51%,64.79%
Sunderland,12419,5900,13836,5709,26255,11609,47.51%,41.26%,44.22%
Swansea,14709,7646,14629,7273,29338,14919,51.98%,49.72%,50.85%
Swindon,18023,9395,17668,8301,35691,17696,52.13%,46.98%,49.58%
Taunton,12649,7513,13663,7349,26312,14862,59.40%,53.79%,56.48%
Telford,9922,4615,11729,4602,21651,9217,46.51%,39.24%,42.57%
Thurrock LGV (London),0,0,0,0,0,0,#DIV/0!,#DIV/0!,#DIV/0!
Thurso,336,204,399,258,735,462,60.71%,64.66%,62.86%
Tilbury,9528,4418,10884,4475,20412,8893,46.37%,41.12%,43.57%
Tolworth (London),18711,10205,18624,8947,37337,19153,54.54%,48.04%,51.30%
Tottenham,10251,4583,10665,3816,20916,8399,44.71%,35.78%,40.16%
Trowbridge,3257,1684,3954,1969,7212,3653,51.70%,49.80%,50.65%
Tunbridge Wells,9928,5523,10404,5141,20333,10664,55.63%,49.41%,52.45%
Ullapool,105,75,114,80,219,155,71.43%,70.18%,70.78%
Upton,14242,7341,15327,6973,29576,14317,51.54%,45.49%,48.41%
Uxbridge (London),11031,5631,9450,4268,20481,9899,51.05%,45.16%,48.33%
Wakefield,14299,6951,15897,6847,30197,13799,48.61%,43.07%,45.70%
Wallasey,4580,2053,4956,1926,9538,3979,44.83%,38.86%,41.72%
Walton LGV,693,383,523,292,1221,676,55.27%,55.83%,55.36%
Wanstead (London),22370,8594,18812,5956,41183,14550,38.42%,31.66%,35.33%
Warrington,10443,6218,12358,6260,22801,12478,59.54%,50.66%,54.73%
Warwick (Wedgenock House),18296,9960,19305,9088,37605,19049,54.44%,47.08%,50.66%
Watford,13603,6989,12321,5864,25924,12853,51.38%,47.59%,49.58%
Watnall,10390,5498,12104,5847,22496,11345,52.92%,48.31%,50.43%
Wednesbury,15728,6625,15514,5109,31242,11734,42.12%,32.93%,37.56%
Wellingborough,1817,1215,2919,1699,4736,2914,66.87%,58.20%,61.53%
West Didsbury (Manchester),25523,12370,27252,11462,52800,23841,48.47%,42.06%,45.15%
West Wickham (London),18114,9390,22892,10160,41007,19551,51.84%,44.38%,47.68%
Westbury,1687,883,2231,1108,3918,1991,52.34%,49.66%,50.82%
Weston-super-Mare,8940,5230,9671,4930,18611,10160,58.50%,50.98%,54.59%
Whitby,890,582,995,560,1885,1142,65.39%,56.28%,60.58%
Whitchurch,2302,1145,2448,1142,4750,2287,49.74%,46.65%,48.15%
Wick,557,327,539,316,1096,643,58.71%,58.63%,58.67%
Widnes,8958,4653,10229,4378,19188,9032,51.94%,42.80%,47.07%
Winchester,8278,4582,8754,4450,17032,9032,55.35%,50.83%,53.03%
Wolverhampton,18793,7646,21573,6905,40368,14552,40.69%,32.01%,36.05%
Wood Green (London),16680,7779,17664,6553,34346,14332,46.64%,37.10%,41.73%
Worcester,16076,8527,17561,8332,33638,16860,53.04%,47.45%,50.12%
Workington,5280,2922,5968,3004,11248,5926,55.34%,50.34%,52.68%
Worksop,8631,5264,9783,5135,18414,10399,60.99%,52.49%,56.47%
Worthing,1544,922,1897,1005,3441,1927,59.72%,52.98%,56.00%
Wrexham,8732,3804,8801,3554,17533,7358,43.56%,40.38%,41.97%
Yeading (London),6349,2564,3307,1155,9656,3719,40.38%,34.93%,38.51%
Yeovil,10671,7009,11336,6691,22010,13701,65.68%,59.02%,62.25%
York,12669,7006,15622,7657,28291,14663,55.30%,49.01%,51.83%
Z Cambridge (Cowley Road),1249,681,1561,743,2810,1424,54.52%,47.60%,50.68%
Z Club Langley(Bromley),2479,1016,3171,1075,5650,2091,40.98%,33.90%,37.01%
Z Failsworth (Closed),1739,689,2271,718,4010,1407,39.62%,31.62%,35.09%
ZBarking (Town Quay),2094,818,1666,506,3760,1324,39.06%,30.37%,35.21%
ZBirmingham (The Pavilion),216,80,321,75,537,155,37.04%,23.36%,28.86%
zBristol (Southmead),1963,1025,2533,1123,4496,2148,52.22%,44.33%,47.78%
zCannock,122,65,161,73,283,138,53.28%,45.34%,48.76%
ZCarshalton (Tolworth),142,74,142,67,284,141,52.11%,47.18%,49.65%
ZChelmsford (Hoffmans Way),1061,464,1091,419,2152,883,43.73%,38.41%,41.03%
zDunfermline,245,125,280,134,525,259,51.02%,47.86%,49.33%
ZGarston (Speke - Crowne Plaza),320,128,357,128,677,256,40.00%,35.85%,37.81%
ZGreenford (Whitton Ave East) (Closed),839,361,676,225,1515,586,43.03%,33.28%,38.68%
ZHemel Hempstead (Fire Station),331,167,492,245,823,412,50.45%,49.80%,50.06%
ZHyde (Manchester),3344,2099,3420,1931,6764,4030,62.77%,56.46%,59.58%
ZInverness (Cradlehall Business Park),828,420,892,407,1720,827,50.72%,45.63%,48.08%
ZPontypridd,499,252,634,317,1133,569,50.50%,50.00%,50.22%
ZWhitchurch,592,319,667,301,1259,620,53.89%,45.13%,49.25%
Grand Total,6710376,3369387,7205734,3155183,13919743,6526361,50.21%,43.79%,46.89%
